first,last,email,age,city
Rosa,Little,sazsalap@fuwezafu.ir,20,Sebwibbuz
Ollie,Ramsey,tid@idijidizu.ac,25,Culehure
Lee,Bowers,nibfuf@lurbo.lr,50,Molacvoc
Willie,Woods,eki@hotpo.edu,28,Nakewni
Jayden,Owen,cu@kiaj.fk,33,Roivdu
Micheal,Griffith,pazfow@sum.al,18,Nugtinu
Jose,Tucker,jufamer@cew.li,57,Gunuzam
Jason,Bowers,lodasjew@vuri.ck,20,Arilawjam
Eugene,Kelly,cojbabum@le.cz,39,Fumwurim
Olive,Bowman,zubcul@me.fo,47,Odwigal
Jesus,Martinez,hinu@makah.et,33,Monoohi
Inez,Wallace,ehiro@ket.sm,56,Owhehnib
Inez,Larson,nuz@zepatoz.mc,48,Kowjocu
Wesley,Brooks,curri@azo.ag,21,Lavzimef
James,Hayes,sa@vew.fo,45,Vupmoop

